year,1,3,4,5,6,7,8,9,Type
1918,0.005256294,9.03E-05,1.47E-06,9.02E-06,0.000143398,0.000183285,0.00266477,1.48E-06,Trawl
1919,0.013773257,0.000176582,2.87E-06,1.37E-05,1.69E-05,2.16E-05,0.000313809,1.74E-07,Trawl
1920,0.006622941,9.93E-05,1.61E-06,7.93E-06,2.45E-05,3.13E-05,0.000455379,2.53E-07,Trawl
1921,0.005684769,5.78E-05,9.39E-07,4.40E-06,9.81E-07,1.25E-06,1.82E-05,1.01E-08,Trawl
1922,0.007189253,0.00012794,2.08E-06,9.70E-06,3.15E-07,4.03E-07,5.86E-06,3.25E-09,Trawl
1923,0.006961709,5.75E-05,9.34E-07,4.40E-06,2.32E-06,2.97E-06,4.32E-05,2.40E-08,Trawl
1924,0.007960919,5.57E-05,9.04E-07,4.32E-06,6.12E-06,7.82E-06,0.000113724,6.31E-08,Trawl
1925,0.006786603,3.57E-05,5.79E-07,2.86E-06,9.36E-06,1.20E-05,0.000173977,9.65E-08,Trawl
1926,0.007826664,6.62E-05,1.07E-06,5.36E-06,2.12E-05,2.71E-05,0.000394016,2.19E-07,Trawl
1927,0.007824221,9.47E-05,1.54E-06,7.72E-06,3.32E-05,4.24E-05,0.000616822,3.42E-07,Trawl
1928,0.008063561,8.73E-05,1.42E-06,7.01E-06,2.37E-05,3.03E-05,0.000440721,2.45E-07,Trawl
1929,0.010655151,7.35E-05,1.19E-06,6.15E-06,3.59E-05,4.59E-05,0.000666986,3.70E-07,Trawl
1930,0.009568456,5.24E-05,8.51E-07,4.33E-06,1.86E-05,2.37E-05,0.0003448,1.91E-07,Trawl
1931,0.006126817,5.36E-05,8.70E-07,4.11E-06,2.77E-06,3.54E-06,5.15E-05,2.86E-08,Trawl
1932,0.007007884,2.97E-05,4.79E-07,4.90E-06,4.04E-06,2.23E-06,3.39E-05,1.76E-08,Trawl
1933,0.003296861,1.80E-05,2.92E-07,1.37E-06,2.85E-07,3.64E-07,5.29E-06,2.94E-09,Trawl
1934,0.00392612,4.13E-05,6.40E-07,2.75E-05,2.36E-05,2.86E-06,5.59E-05,2.01E-08,Trawl
1935,0.005115499,0.000219678,3.31E-06,0.000222804,0.000203933,2.97E-05,0.000552429,2.14E-07,Trawl
1936,0.005577614,0.000304811,4.61E-06,0.000291515,0.000270704,4.54E-05,0.000816994,3.33E-07,Trawl
1937,0.004291788,0.000240346,3.60E-06,0.000256269,0.000217294,1.07E-05,0.000295335,5.71E-08,Trawl
1938,0.015513823,0.000531328,8.18E-06,0.000398545,0.000321205,8.55E-06,0.000334723,2.50E-08,Trawl
1939,0.02800975,0.000536766,5.66E-06,0.00040942,0.000352812,2.57E-05,0.000731528,3.47E-08,Trawl
1940,0.030655135,0.000943056,1.26E-05,0.000935385,0.000795997,3.93E-05,0.001259444,4.53E-08,Trawl
1941,0.018254541,0.000726711,5.07E-06,0.000346492,0.000439809,0.000190994,0.004227631,3.23E-07,Trawl
1942,0.044436152,0.007884317,0.00010228,0.007551789,0.006376823,0.000268083,0.009114993,2.80E-07,Trawl
1943,0.284537196,0.026337442,0.000350317,0.025923682,0.0218192,0.000818482,0.029126923,7.86E-07,Trawl
1944,0.433611829,0.013455045,0.000143463,0.010384038,0.009056587,0.000771867,0.021105547,1.09E-06,Trawl
1945,0.51128243,0.119840503,0.001989881,0.122050985,0.101655333,0.003070838,0.115816431,1.78E-06,Trawl
1946,0.333250549,0.057239956,0.00088743,0.062105779,0.050872347,0.002354146,0.079514696,2.63E-06,Trawl
1947,0.109527762,0.027820377,0.000401316,0.029871385,0.02494059,0.000650095,0.028232665,3.87E-07,Trawl
1948,0.152051356,0.046333645,0.000667102,0.049820069,0.041563206,0.001051878,0.04761766,6.04E-07,Trawl
1949,0.203446442,0.056712196,0.00082138,0.061148642,0.051160354,0.00138262,0.070832808,8.19E-07,Trawl
1950,0.094977266,0.097431735,0.001628977,0.127370974,0.08674062,0.002919521,0.145382527,3.31E-07,Trawl
1951,0.060210621,0.091155897,0.001223754,0.0901308,0.093178807,0.002880973,0.0956932,0,Trawl
1952,0.045705297,0.07949268,0.001164386,0.086375847,0.075303215,0.002305696,0.099944115,0,Trawl
1953,0.075895632,0.03763198,0.000527678,0.040438815,0.030358496,0.001309397,0.041518734,0,Trawl
1954,0.34515133,0.102307357,0.001780242,0.27942348,0.236546831,0.007278604,0.234497022,0,Trawl
1955,0.374982665,0.096313538,0.001993117,0.408799143,0.226453982,0.006243572,0.422643843,0,Trawl
1956,0.204651201,0.065166414,0.002143364,0.442108059,0.102463309,0.010045991,0.103395368,0,Trawl
1957,0.123463709,0.08217319,0.002304832,0.229054741,0.182530553,0.015264053,0.428603499,0,Trawl
1958,0.153255284,0.091127338,0.001662706,0.27848742,0.224150265,0.011758545,0.205188596,0,Trawl
1959,0.456940514,0.221559805,0.001867431,0.364655828,0.291706707,0.011876315,0.450059397,0,Trawl
1960,0.505048704,0.219684136,0.001983364,0.278774011,0.234059672,0.004776797,0.605589944,0,Trawl
1961,0.297022831,0.23773548,0.003673906,0.330207243,0.264743008,0.005446146,0.697075541,0,Trawl
1962,0.265397994,0.274119385,0.005888362,0.445981143,0.423204669,0.009368699,1.03092876,0,Trawl
1963,0.147006771,0.125844188,0.004452531,0.379582221,0.312602263,0.011107454,0.435281193,0,Trawl
1964,0.324637849,0.115363709,0.001986883,0.454618083,0.244078145,0.019530721,0.560508388,0,Trawl
1965,0.182756086,0.134504493,0.002805759,0.452043234,0.216927335,0.035941142,0.453315162,0,Trawl
1966,0.38877379,0.132398064,0.004284832,0.975870855,0.259492298,0.004170034,0.346496599,0,Trawl
1967,0.140306662,0.061958114,0.003388824,0.620090146,0.305674289,0.003089995,0.261673753,0,Trawl
1968,0.283952189,0.102543745,0.004321281,0.97029146,0.345795188,0.00891324,0.255467443,0,Trawl
1969,0.284439578,0.129805175,0.006628823,1.784581011,0.607157808,0.01383693,0.719021169,0,Trawl
1970,0.289483801,0.135057858,0.007593382,1.101657251,0.472431228,0.009856444,1.046910223,2.94E-07,Trawl
1971,0.096504181,0.133666559,0.004812387,1.032580627,0.473572367,0.010467543,0.96378241,0,Trawl
1972,0.129692583,0.079011381,0.00434541,1.209817149,0.658829819,0.023807102,1.969454792,0,Trawl
1973,0.070401692,0.066045827,0.004390724,1.704173399,0.665917555,0.015163759,1.16787275,0,Trawl
1974,0.062275318,0.031489062,0.005137219,0.847973725,0.435851578,0.020850169,1.482553242,0,Trawl
1975,0.083507043,0.065324015,0.003400963,0.416235517,0.379295794,0.028811143,1.058797938,0,Trawl
1976,0.101039466,0.039880131,0.000949217,0.271484926,0.604296091,0.104629939,2.488948806,0.000152068,Trawl
1977,0.088002116,0.104933466,0.000703565,0.540683663,0.561566804,0.193717026,3.282876523,0.005910569,Trawl
1978,0.165267334,0.035207677,0.001498501,0.78122045,0.874084524,0.302541716,3.486719554,0.007649098,Trawl
1979,0.359276811,0.093887139,0.001277669,0.675377679,0.822930873,0.625977197,5.301957862,0.002980643,Trawl
1980,0.189698195,0.066437086,0.002255638,0.291067619,0.94117128,1.690723456,4.210378302,0.003198363,Trawl
1981,0.16296795,0.096771384,0.001550554,0.264291918,0.810463917,2.257362361,2.747954079,0.003158643,Trawl
1982,0.123923877,0.068448784,0.00212413,0.60719706,0.368768914,0.380136927,0.679417478,0.002246892,Trawl
1983,0.07928074,0.102253959,0.008662025,0.735185773,0.381872965,0.532765208,0.573924589,0.002549343,Trawl
1984,0.121441412,0.127248919,0.009379588,0.622541057,0.678268499,0.583362266,0.773390356,0.003849162,Trawl
1985,0.079192495,0.14862289,0.01724038,0.961648083,0.545933669,1.169197873,1.109663559,0.00718979,Trawl
1986,0.135385663,0.35004877,0.048459786,1.384738168,0.625260304,0.81475986,0.295553571,0.009847815,Trawl
1987,0.04276624,0.333469995,0.037265951,2.689208157,1.009065283,1.022300583,0.513925586,0.006442876,Trawl
1988,0.028105265,0.462910661,0.030622506,1.861221807,1.773899381,0.817535482,0.662148332,0.007000107,Trawl
1989,0.00880827,0.45360569,0.026496164,1.656811674,1.733290386,1.149623517,0.503157417,0.004809492,Trawl
1990,0.136679159,0.399955275,0.036707749,2.635505158,1.720657859,1.293878343,2.476292475,0.005994527,Trawl
1991,0.026,1.422326817,7.828445534,11.03503524,17.61976863,17.76955948,58.7162923,0.0006051,Trawl
1992,0.326944292,4.77766417,0.639186196,86.97642742,13.84174878,41.9946326,61.25073267,0.001786827,Trawl
1993,0.022244327,1.19980397,1.088909655,76.15697248,14.17585471,23.09749577,88.12641876,0.002323949,Trawl
1994,0.06463876,3.378973873,0.618274199,113.2585122,11.70491145,23.04655846,50.08873234,0.00093062,Trawl
1995,1.04E-05,8.383136033,2.52073483,73.35016014,11.37584531,19.33047459,30.83341246,0.048339789,Trawl
1996,0.212726288,0.44664869,0.138497497,4.0241347,0.630251917,4.712106011,3.919343476,0.024171442,Trawl
1997,0.182487558,0.139302292,0.00581372,3.286422956,1.159527809,1.448536664,2.581542883,0.004696158,Trawl
1998,0.042480103,0.441788855,0.064530327,4.249556147,0.689909295,1.076122818,2.358676079,0.003756402,Trawl
1999,0.014416212,0.428674402,0.099772993,1.652944316,0.932966858,1.28422079,1.98606856,0.003895876,Trawl
2000,0.009790919,0.971273073,0.003606149,1.586647124,0.94663322,0.702163955,1.369983086,0.005212474,Trawl
2001,0.009539341,0.242580298,0.052940336,1.229762711,0.528479933,0.739687073,0.537090655,0.001599659,Trawl
2002,0.006930972,0.462110112,0.091062141,3.144959761,0.486750145,0.809916703,0.43559947,0.001140687,Trawl
2003,0.016709137,0.575050436,0.022368466,2.028055199,0.934205314,1.198546093,0.678719727,0.003415635,Trawl
2004,0.006832636,0.317795573,0.012869791,1.222564122,0.247909027,0.570575239,0.241487894,0.001235722,Trawl
2005,0.012123746,0.182032097,0.003448851,0.715659371,0.423478227,0.165336304,0.560239005,0.002422387,Trawl
2006,0.01108123,0.065142501,0.015186209,0.284826478,0.377215556,0.624922859,0.095708937,0.000546223,Trawl
2007,0.0096021,0.155422687,0.003212415,0.341992465,0.289783394,0.211769097,0.163112944,0.002594898,Trawl
2008,0.019386695,0.114512439,0.002377635,0.269710699,0.374893789,0.043553022,0.118297192,0.000458519,Trawl
2009,0.018049031,0.195541836,0.015000649,0.113724382,0.369643151,0.166039481,0.135347774,0.000953695,Trawl
2010,0.004719508,0.086898319,0.004692288,0.533190684,0.362383599,0.10072158,0.204240987,0.000543055,Trawl
2011,0.004261218,0.653583758,0.000816718,0.138001007,0.636809023,0.116170305,0.179818253,0.000659721,Trawl
2012,0.013641994,0.466076419,0.004785132,0.97871776,0.275099127,0.16339119,0.369218778,0.000989627,Trawl
2013,0.016454971,0.21192619,0.001105689,0.055504142,0.240001065,0.197679217,0.13090558,0.000893144,Trawl
2014,0.020176096,0.0555812,0.001281732,0.090769546,0.099699676,0.403416649,0.086643253,0.00067185,Trawl
2015,0.012968597,0.453160095,0.002482093,0.065172839,1.417792516,0.071741338,0.06814539,0.00056713,Trawl
2016,0.00519443,0.321624888,0.002488942,0.107450773,0.385252715,0.039093125,0.043068265,0.000176855,Trawl
2017,0.00429287,0.150812541,0.0014429,0.036120654,0.214482123,0.167238793,0.137189657,0.000430462,Trawl
2018,0.00211537,0.012821444,0.000403261,0.013423948,0.149414958,0.066273482,0.127181794,0.000325742,Trawl
2019,0.007645092,0.070973269,0.002410488,0.099585094,0.126012633,0.078702207,0.097284091,0.001947124,Trawl
2020,0.003007564,0.040561519,0.001006191,0.022016964,0.012546414,0.054778064,0.073580514,0.000812772,Trawl
2021,0,0,0,0,0,0,0,0,Trawl
1918,0.002011229,0.023961802,0.009420063,0.001228535,0.026241479,0.046650971,0.187506652,0.041243552,Halibut
1919,0.005270097,0.046838537,0.018413555,0.001863074,0.003090257,0.005493725,0.022081213,0.004856935,Halibut
1920,0.002534153,0.02634143,0.010355562,0.001080936,0.004484369,0.007972118,0.032042744,0.007048052,Halibut
1921,0.002175178,0.015337949,0.006029782,0.000599324,0.000179559,0.000319212,0.001283023,0.000282211,Halibut
1922,0.002750842,0.033936217,0.013341288,0.001321166,5.77E-05,0.000102565,0.000412246,9.07E-05,Halibut
1923,0.002663777,0.015260569,0.005999362,0.000599605,0.000425261,0.00075601,0.003038669,0.000668379,Halibut
1924,0.003046107,0.014763683,0.005804022,0.000589058,0.001119907,0.001990923,0.008002218,0.00176015,Halibut
1925,0.002596775,0.009457218,0.0037179,0.000389299,0.001713245,0.003045734,0.012241875,0.002692696,Halibut
1926,0.002994737,0.017547116,0.006898268,0.000730512,0.003880092,0.00689786,0.027724923,0.006098313,Halibut
1927,0.002993802,0.025110093,0.009871488,0.001051422,0.006074192,0.010798438,0.043402717,0.009546767,Halibut
1928,0.003085381,0.023145204,0.009099035,0.000954481,0.004340027,0.007715513,0.03101136,0.006821191,Halibut
1929,0.004077008,0.019492498,0.007663053,0.000837434,0.00656818,0.011676627,0.04693247,0.010323163,Halibut
1930,0.003661203,0.013893791,0.005462043,0.000582162,0.003395024,0.006035528,0.024258908,0.005335936,Halibut
1931,0.00234432,0.014212753,0.005587435,0.000559883,0.00050734,0.000901927,0.003625163,0.000797383,Halibut
1932,0.002681445,0.007207947,0.002833648,0.000284661,0.000313197,0.000556788,0.002237925,0.000492249,Halibut
1933,0.001261486,0.004762709,0.001872356,0.000186051,5.21E-05,9.27E-05,0.000372518,8.19E-05,Halibut
1934,0.001502261,0.004742085,0.001864248,0.000189166,0.000356533,0.00063383,0.002547584,0.000560361,Halibut
1935,0.001957356,0.005748133,0.002259754,0.00026772,0.003801356,0.006757886,0.027162321,0.005974565,Halibut
1936,0.002134177,0.012491281,0.004910676,0.000555819,0.005912498,0.010510985,0.042247342,0.009292633,Halibut
1937,0.001642178,0.003031153,0.001191632,0.000130138,0.001013784,0.001802262,0.007243924,0.001593358,Halibut
1938,0.005936094,0.049525013,0.019469685,0.001933285,0.000444125,0.000789545,0.003173461,0.000698027,Halibut
1939,0.001105008,0.000346187,0.00197509,0.000141961,0.000325617,0.000650891,0.001551082,0.000967953,Halibut
1940,0.001209371,0.000213198,0.001216355,9.10E-05,0.000424863,0.000849279,0.002023841,0.001262979,Halibut
1941,0.000720157,0.000851202,0.004856338,0.000383471,0.003032917,0.00606264,0.014447343,0.009015867,Halibut
1942,0.001753043,0.002271937,0.012962019,0.000939583,0.002631492,0.005260213,0.01253515,0.007822563,Halibut
1943,0.01122523,0.006313975,0.036022938,0.002612129,0.007370869,0.014733976,0.03511124,0.021911176,Halibut
1944,0.017106348,0.008458618,0.048258711,0.003504601,0.010202503,0.020394262,0.048599769,0.030328695,Halibut
1945,0.018450973,0.006532055,0.037267147,0.002843569,0.01671167,0.033405741,0.079606277,0.049678312,Halibut
1946,0.012075791,0.005681296,0.032413335,0.002625993,0.024707351,0.049388682,0.117693816,0.073446848,Halibut
1947,0.003603246,0.001691986,0.009653242,0.000725842,0.003628984,0.007254147,0.017286719,0.01078778,Halibut
1948,0.005630022,0.002643709,0.015083076,0.001134119,0.005670249,0.011334527,0.027010312,0.01685579,Halibut
1949,0.007634016,0.003584729,0.020451854,0.001537806,0.007688587,0.015369076,0.036624691,0.022855645,Halibut
1950,0.003079802,0.001446191,0.008250911,0.000620399,0.003101836,0.006200406,0.014775641,0.009220741,Halibut
1951,0.002121903,0.006270601,0.028307802,0.000965446,0.01762443,0.049110076,0.108132824,0.070082168,Halibut
1952,0.001595006,0.002246153,0.020422916,0.002921606,0.015897865,0.018141516,0.052388201,0.045654523,Halibut
1953,0.00456172,0.006794754,0.024891679,0.013612419,0.009807415,0.012233351,0.040466566,0.013812845,Halibut
1954,0.002844839,0.007360983,0.030676365,0.006549371,0.009707847,0.007935147,0.057528145,0.025188129,Halibut
1955,0.002808811,0.003963606,0.035759877,0.002140317,0.001717542,0.012563983,0.024717416,0.030875772,Halibut
1956,0.002671627,0.012173934,0.033726472,0.003210476,0.004181842,0.004187994,0.003937288,0.008396043,Halibut
1957,0.004621305,0.035884792,0.051956997,0,0.009409144,0.004849256,0.014436721,0.043063576,Halibut
1958,0.006715096,0.011607704,0.051255823,0,0.002314948,0.001983787,0.001968644,0.002843821,Halibut
1959,0.006910479,0.018685572,0.055182398,0.001369803,0.003061706,0.000551052,0.001312429,0.004062602,Halibut
1960,0.005609308,0.019393359,0.061703317,0.010830006,0.005102843,0.027552593,0.036091802,0.012187805,Halibut
1961,0.004180653,0.019534917,0.080144195,0.00761953,0.008214332,0.007824936,0.015092935,0.013812845,Halibut
1962,0.006766366,0.051809996,0.093150973,0.010872812,0.008089873,0.066016013,0.00240612,0.011375284,Halibut
1963,0.00516727,0.034186104,0.059704971,0.013569612,0.034350845,0.031299746,0.028873442,0.056605581,Halibut
1964,0.003109508,0.014721966,0.042946911,0.002910832,0.010628848,0.01179251,0.003062335,0.004604282,Halibut
1965,0.002804654,0.012173934,0.035689759,0.001498222,0.004878816,0.02942617,0.011155648,0.036292574,Halibut
1966,0.002253146,0.008776557,0.042736559,0.006420952,0.007293332,0.012233351,0.031279562,0.018146287,Halibut
1967,0.003483646,0.018968687,0.057461214,0.004195022,0.006023844,0.04441478,0.080714394,0.020990108,Halibut
1968,0.0037594,0.014934302,0.046908544,0.001027352,0.007467575,0.005290098,0.014874197,0.002843821,Halibut
1969,0.004364341,0.032204301,0.047749953,0.013912063,0.021183021,0.066787486,0.006562146,0.00121878,Halibut
1970,0.005357111,0.063488479,0.056689922,0.004323441,0.041569501,0.193198784,0.111119003,0.00108336,Halibut
1971,0.004567263,0.039565284,0.016021827,0.013869257,0.026335648,0.157049781,0.119649793,0.006635582,Halibut
1972,0.005055029,0.073185158,0.088558283,0.015966768,0.03104022,0.107455114,0.163834908,0.012458645,Halibut
1973,0.00620793,0.051668439,0.037512812,0.020118983,0.010703524,0.093678817,0.150929355,0.017604607,Halibut
1974,0.003062394,0.118908188,0.04487514,0.014982222,0.007716494,0.256790169,0.225300341,0.002708401,Halibut
1975,0.002452687,0.092012288,0.037863399,0.014126095,0.025140836,0.344958467,0.223112959,0.02708401,Halibut
1976,0.002979252,0.085642207,0.041369269,0.011985777,0.033853007,0.099189336,0.164053646,0.02708401,Halibut
1977,0.00836962,0.108291385,0.047679836,0.066349839,0.034599764,0.169723974,0.159678882,0.021667208,Halibut
1978,0.009378578,0.090502437,0.044055544,0.033029815,0.031279735,0.228391601,0.376139663,0.083593172,Halibut
1979,0.014999614,0.165401006,0.092748499,0.073609282,0.026340825,0.262407371,0.303805085,0.155244463,Halibut
1980,0.010844935,0.141995246,0.089656883,0.053791407,0.019755629,0.199235226,0.434007202,0.191070108,Halibut
1981,0.012879506,0.128575876,0.062141495,0.043033119,0.014158194,0.14869751,0.315378567,0.127181041,Halibut
1982,0.123635601,0.107197147,0.05514173,0.43193823,0.500106418,0.245204294,0.278445943,0.140162461,Halibut
1983,0.04454746,0.109800868,0.084725666,0.431246709,0.404358259,0.173799579,0.185724264,0.148614715,Halibut
1984,0.146434381,0.198984818,0.143531731,0.295107403,0.435318923,0.140277967,0.315168868,0.46390576,Halibut
1985,0.532406121,0.134726759,0.082545139,1.009817222,1.581736214,0.460363332,0.652656889,0.340488289,Halibut
1986,0.910806641,0.083343942,0.159233132,1.19883412,1.540382096,1.002473873,1.207866541,0.693380874,Halibut
1987,0.743086295,0.452635217,0.183395262,2.047950627,4.033143401,1.673161735,1.815687625,1.211040417,Halibut
1988,0.597341407,0.21948347,0.079238464,1.975958743,1.836087531,1.653885668,1.556879603,1.363978172,Halibut
1989,0.819882899,0.524611616,0.216713725,4.820879525,2.326194271,1.331740519,1.798186386,1.501571021,Halibut
1990,0.463956906,0.407592256,0.615522993,5.006230875,1.894625155,1.712422102,1.964307705,2.305959252,Halibut
1991,0.654583515,0.500422608,0.741082546,2.145394134,0.890213005,0.762451576,1.951754678,2.13347821,Halibut
1992,0.235893775,0.296573842,0.244464024,2.724110332,1.368372377,0.856233508,1.49930821,1.650706308,Halibut
1993,0.392331944,0.364533087,0.606060379,4.984084505,2.440336833,2.152796338,3.329250834,5.063022072,Halibut
1994,0.189244558,0.501389827,0.496470697,2.899669352,2.652111566,0.981772701,2.688509967,2.507288883,Halibut
1995,0.0514016,0.398680343,0.483757238,5.515298713,7.481244392,1.708304867,2.890776325,2.135363113,Halibut
1996,0.348597107,0.436023142,0.71262892,1.517293133,1.474432297,3.083000669,4.801942096,2.108184729,Halibut
1997,0.426796456,0.781068142,0.540597714,1.189319566,1.288662073,2.722936628,5.083462914,2.012526414,Halibut
1998,0.508328653,1.061095311,0.868702161,2.920893596,2.156804203,7.22764801,7.773475331,2.422340795,Halibut
1999,0.23599094,0.943352525,0.917805971,1.281061326,1.455423029,4.763905777,6.8033259,2.38244123,Halibut
2000,0.132144884,2.218008116,1.144135641,1.356797288,3.596090396,4.751458419,7.95496426,4.1261713,Halibut
2001,0.306307123,1.569878605,1.063602032,1.252995832,2.815925939,5.402576756,7.524598092,4.109403773,Halibut
2002,0.005088293,2.376885512,2.217960389,3.012763009,3.875860731,8.609856494,9.563988344,5.15739872,Halibut
2003,0.029546525,2.161046128,0.767344525,2.221747334,1.448152926,4.82971016,4.74049808,2.267838927,Halibut
2004,0.038441469,1.810219568,0.757270755,2.132017907,1.205892482,4.607673733,4.513869701,2.674380821,Halibut
2005,0.026900544,1.340785647,0.441763308,2.778287851,1.630318889,4.119412818,4.963552241,2.565410618,Halibut
2006,0.420760461,2.438088774,0.75614013,6.575161954,2.599031896,10.37534211,4.02074931,1.886313345,Halibut
2007,0.542228608,1.497176712,0.906440826,5.710929085,4.660753952,9.536459356,5.650546865,1.981310544,Halibut
2008,0.715752456,7.078041266,2.578853268,8.823991598,3.318454875,11.54607632,5.148572527,3.93195366,Halibut
2009,0.545371135,5.342296494,2.473970268,7.632810816,4.077352406,10.57832283,5.227093317,5.136662772,Halibut
2010,0.332582372,9.583959397,1.590352375,5.839360555,3.473390616,11.65133026,3.843248937,2.279171501,Halibut
2011,0.678388022,1.397608354,1.640083,8.856889089,4.074079915,10.08543292,3.685838793,2.334213928,Halibut
2012,0.425978162,2.634578349,1.223036719,11.25044078,7.586655313,14.88725453,3.892249362,1.852548831,Halibut
2013,0.162855668,0.361033931,0.661963332,11.16158648,9.473755088,16.00942299,2.277972721,2.447563766,Halibut
2014,0.257146313,1.270876737,0.84558095,8.567303094,4.115809423,14.6074862,5.75072528,2.909362035,Halibut
2015,0.12700675,1.519670551,2.99537973,6.592784771,3.726730373,14.84933732,6.899330106,2.484496421,Halibut
2016,0.26374187,0.260406182,1.801936908,3.686391904,5.313827245,8.445641956,4.493291148,1.92440876,Halibut
2017,0.892946681,1.26528819,2.042074119,4.316647282,2.468219113,11.68913343,6.539411468,2.702759673,Halibut
2018,0.373314173,2.008392195,0.627499293,5.126538178,6.71562229,9.986910458,5.5166819,0.891191502,Halibut
2019,0.025442442,1.229686049,2.277619087,6.382734595,6.752136096,11.61903765,9.48194582,1.789596214,Halibut
2020,0.43405489,0.170830876,2.946230436,4.647554303,4.587410667,8.193037231,4.0971679,1.181913689,Halibut
2021,0,0,0,0,0,0,0,0,Halibut
1918,0,0,0,0,0,0,0,0,Sablefish
1919,0,0,0,0,0,0,0,0,Sablefish
1920,0,0,0,0,0,0,0,0,Sablefish
1921,0,0,0,0,0,0,0,0,Sablefish
1922,0,0,0,0,0,0,0,0,Sablefish
1923,0,0,0,0,0,0,0,0,Sablefish
1924,0,0,0,0,0,0,0,0,Sablefish
1925,0,0,0,0,0,0,0,0,Sablefish
1926,0,0,0,0,0,0,0,0,Sablefish
1927,0,0,0,0,0,0,0,0,Sablefish
1928,0,0,0,0,0,0,0,0,Sablefish
1929,0,0,0,0,0,0,0,0,Sablefish
1930,0,0,0,0,0,0,0,0,Sablefish
1931,0,0,0,0,0,0,0,0,Sablefish
1932,0,0,0,0,0,0,0,0,Sablefish
1933,0,0,0,0,0,0,0,0,Sablefish
1934,0,0,0,0,0,0,0,0,Sablefish
1935,0,0,0,0,0,0,0,0,Sablefish
1936,0,0,0,0,0,0,0,0,Sablefish
1937,0,0,0,0,0,0,0,0,Sablefish
1938,0,0,0,0,0,0,0,0,Sablefish
1939,0,0,0,0,0,0,0,0,Sablefish
1940,0,0,0,0,0,0,0,0,Sablefish
1941,0,0,0,0,0,0,0,0,Sablefish
1942,0,0,0,0,0,0,0,0,Sablefish
1943,0,0,0,0,0,0,0,0,Sablefish
1944,0,0,0,0,0,0,0,0,Sablefish
1945,0,0,0,0,0,0,0,0,Sablefish
1946,0,0,0,0,0,0,0,0,Sablefish
1947,0,0,0,0,0,0,0,0,Sablefish
1948,0,0,0,0,0,0,0,0,Sablefish
1949,0,0,0,0,0,0,0,0,Sablefish
1950,0,0,0,0,0,0,0,0,Sablefish
1951,0,0,0,0,0,0,0,0,Sablefish
1952,0,0,0,0,0,0,0,0,Sablefish
1953,0,0,0,0,0,0,0,0,Sablefish
1954,0,0,0,0,0,0,0,0,Sablefish
1955,0,0,0,0,0,0,0,0,Sablefish
1956,0,0,0,0,0,0,0,0,Sablefish
1957,0,0,0,0,0,0,0,0,Sablefish
1958,0,0,0,0,0,0,0,0,Sablefish
1959,0,0,0,0,0,0,0,0,Sablefish
1960,0,0,0,0,0,0,0,0,Sablefish
1961,0,0,0,0,0,0,0,0,Sablefish
1962,0,0,0,0,0,0,0,0,Sablefish
1963,0,0,0,0,0,0,0,0,Sablefish
1964,0,0,0,0,0,0,0,0,Sablefish
1965,0,0,0,0,0,0,0,0,Sablefish
1966,0,0,0,0,0,0,0,0,Sablefish
1967,0,0,0,0,0,0,0,0,Sablefish
1968,0,0,0,0,0,0,0,0,Sablefish
1969,0,0,0,0,0,0,0,0,Sablefish
1970,0,0,0,0,0,0,0,0,Sablefish
1971,0,0,0,0,0,0,0,0,Sablefish
1972,0,0.0006086,0,0,0,0,0,0,Sablefish
1973,0,0,0,0,0.000124367,0,0,0,Sablefish
1974,0,0,0,0,0,0,0,0,Sablefish
1975,0,0,0.000456958,0,0,0,0,0.000274735,Sablefish
1976,0,0,0,0,0,0,0,0,Sablefish
1977,0,0,0,0,0,0,0,0,Sablefish
1978,0,0,0,0,0,0,0,0,Sablefish
1979,0,0.000136935,0.001901979,0,0.000230858,0,0,0.00041952,Sablefish
1980,0,0,0.000441421,0,3.73E-05,0,0,0.000228946,Sablefish
1981,0,0.000275051,0.000525865,0,3.73E-05,0,0,5.51E-05,Sablefish
1982,0,3.04E-05,9.14E-05,0,0,0,0,0.004717742,Sablefish
1983,0,0,0.003882312,0,0,0,0,0.001203063,Sablefish
1984,0,4.66E-05,5.21E-07,0,1.30E-06,0,0,0.000297937,Sablefish
1985,0,0.030484792,0.017421967,0,0.000280665,0,0,0.011939689,Sablefish
1986,0,0.291878645,0.060222448,0,0.00052259,0,0,0.003232527,Sablefish
1987,0,0.263624374,0.123815789,0,0.001546378,0,0,0.01290648,Sablefish
1988,0,0.35599165,0.037441546,0,0.004813468,0,0,0.013601009,Sablefish
1989,0,0.284913214,0.043517904,0,0.002550018,0,0,0.004680927,Sablefish
1990,0,0.501444092,0.087565879,0,0.014175335,0,0,0.02093285,Sablefish
1991,0,0.233647763,0.063953964,0,0.03882833,0,0,0.011039109,Sablefish
1992,0,0.016846058,0.009529395,0,0.038782811,0,0,0.003559186,Sablefish
1993,0,0.098693677,0.098419537,0,0.001918981,0,0,0.001926439,Sablefish
1994,0,0.040788396,0.088368297,0,0.002285117,0,0,0.000737937,Sablefish
1995,0,0.007190613,0.020569491,0,0.005775597,0,0,0.006321917,Sablefish
1996,0,0.011922603,0.004555813,0,0.000434622,0,0,0.001413317,Sablefish
1997,0,0.004292048,0.021612296,0,3.90E-05,0,0,0.001369478,Sablefish
1998,0,0.003137213,0,0,0,0,0,0.005309256,Sablefish
1999,0,0.02346609,0.043431935,0,0.003704408,0,0,0.019319546,Sablefish
2000,0,0.088427407,0.011252322,0,0.007483275,0,0,0.045188224,Sablefish
2001,0,0.027922461,0.01965282,0,0.004182415,0,0,0.008331447,Sablefish
2002,0,0.024882833,0.056518931,0,0.001101951,0,0,0.002172743,Sablefish
2003,0,0.003470231,0.004771657,0,0.000777049,0,0,0.002681207,Sablefish
2004,0,0.001438693,0.00197824,0,0.00032215,0,0,0.001111579,Sablefish
2005,0,0.000204271,0.000280877,0,4.57E-05,0,0,0.000157826,Sablefish
2006,0,0.038167126,0.047613426,0,0.004636608,0,0,0.011898155,Sablefish
2007,0,0.057952722,0.058650226,0,0.008085734,0,0,0.027730786,Sablefish
2008,0,0.012681435,0.041191693,0,0.007063303,0,0,0.028481382,Sablefish
2009,0,0.021913518,0.04100669,0,0.011449667,0,0,0.035222052,Sablefish
2010,0,0.054566092,0.026021979,0,0.007361173,0,0,0.023540695,Sablefish
2011,0,0.000107971,0.00238854,0,0,0,0,0.03328349,Sablefish
2012,0,0.000171662,0.003797511,0,0,0,0,0.001690827,Sablefish
2013,0,0,0.02889,0,0,0,0,0,Sablefish
2014,0,0.00213,0.047119999,0,0,0,0,0.02098,Sablefish
2015,0,0,0.003468,0,0,0,0,0.01512,Sablefish
2016,0,0,0.00222,0,0,0,0,0.032398,Sablefish
2017,0,0,0,0,0,0,0,0.031954,Sablefish
2018,0,0,0.090075999,0.01048,0,0,0,0,Sablefish
2019,0,0,0,0,0,0,0,0.001596,Sablefish
2020,0,0.000798,0.297715997,0,0,0,0,0.00914,Sablefish
2021,0,0,0,0,0,0,0,0,Sablefish
1918,0.01164476,0.006634162,0.004162094,0.000209852,0.009826125,0.001589217,0.002108437,8.74E-05,Dogfish-Lingcod
1919,0.030513183,0.012967907,0.008135716,0.00031824,0.001157147,0.00018715,0.000248294,1.03E-05,Dogfish-Lingcod
1920,0.014672421,0.007292995,0.004575429,0.00018464,0.001679173,0.000271579,0.000360308,1.49E-05,Dogfish-Lingcod
1921,0.012593999,0.004246527,0.002664157,0.000102373,6.72E-05,1.09E-05,1.44E-05,5.98E-07,Dogfish-Lingcod
1922,0.015927024,0.009395718,0.005894621,0.000225674,2.16E-05,3.49E-06,4.64E-06,1.92E-07,Dogfish-Lingcod
1923,0.015422924,0.004225103,0.002650716,0.000102421,0.000159239,2.58E-05,3.42E-05,1.42E-06,Dogfish-Lingcod
1924,0.017636567,0.004087533,0.002564408,0.00010062,0.000419349,6.78E-05,9.00E-05,3.73E-06,Dogfish-Lingcod
1925,0.015034995,0.002618364,0.001642691,6.65E-05,0.000641525,0.000103756,0.000137655,5.70E-06,Dogfish-Lingcod
1926,0.01733914,0.004858165,0.003047882,0.000124782,0.001452901,0.000234983,0.000311756,1.29E-05,Dogfish-Lingcod
1927,0.017333728,0.006952082,0.004361549,0.000179598,0.002274482,0.000367861,0.000488046,2.02E-05,Dogfish-Lingcod
1928,0.017863961,0.006408075,0.004020254,0.000163039,0.001625124,0.000262837,0.00034871,1.44E-05,Dogfish-Lingcod
1929,0.02360535,0.005396772,0.003385789,0.000143046,0.002459456,0.000397777,0.000527737,2.19E-05,Dogfish-Lingcod
1930,0.021197894,0.003846691,0.002413311,9.94E-05,0.001271267,0.000205607,0.000272782,1.13E-05,Dogfish-Lingcod
1931,0.013573309,0.003935,0.002468713,9.56E-05,0.000189974,3.07E-05,4.08E-05,1.69E-06,Dogfish-Lingcod
1932,0.015525221,0.001995621,0.001251999,4.86E-05,0.000117277,1.90E-05,2.52E-05,1.04E-06,Dogfish-Lingcod
1933,0.007303844,0.001318623,0.000827268,3.18E-05,1.95E-05,3.16E-06,4.19E-06,1.74E-07,Dogfish-Lingcod
1934,0.0086979,0.001312913,0.000823686,3.23E-05,0.000133504,2.16E-05,2.86E-05,1.19E-06,Dogfish-Lingcod
1935,0.011332842,0.001591451,0.000998434,4.57E-05,0.001423418,0.000230215,0.000305429,1.27E-05,Dogfish-Lingcod
1936,0.012356609,0.003458387,0.002169699,9.49E-05,0.002213936,0.000358068,0.000475054,1.97E-05,Dogfish-Lingcod
1937,0.009507999,0.000839217,0.000526502,2.22E-05,0.000379612,6.14E-05,8.15E-05,3.37E-06,Dogfish-Lingcod
1938,0.034369221,0.013711696,0.008602349,0.000330233,0.000166302,2.69E-05,3.57E-05,1.48E-06,Dogfish-Lingcod
1939,0.006397854,9.58E-05,0.00087266,2.42E-05,0.000121927,2.22E-05,1.74E-05,2.05E-06,Dogfish-Lingcod
1940,0.0070021,5.90E-05,0.000537426,1.55E-05,0.00015909,2.89E-05,2.28E-05,2.68E-06,Dogfish-Lingcod
1941,0.004169616,0.000235667,0.00214569,6.55E-05,0.001135676,0.00020653,0.000162455,1.91E-05,Dogfish-Lingcod
1942,0.010149895,0.000629018,0.005727048,0.000160495,0.000985363,0.000179195,0.000140953,1.66E-05,Dogfish-Lingcod
1943,0.064992635,0.001748113,0.015916122,0.00044619,0.002760023,0.000501929,0.000394812,4.64E-05,Dogfish-Lingcod
1944,0.099043554,0.002341887,0.02132229,0.000598637,0.003820329,0.000694753,0.000546485,6.42E-05,Dogfish-Lingcod
1945,0.106828759,0.001808491,0.016465855,0.000485723,0.006257687,0.001138003,0.000895141,0.000105219,Dogfish-Lingcod
1946,0.069917277,0.001572947,0.01432128,0.000448558,0.009251671,0.00168248,0.00132342,0.000155561,Dogfish-Lingcod
1947,0.020862333,0.00046845,0.004265121,0.000123984,0.001358874,0.000247121,0.000194382,2.28E-05,Dogfish-Lingcod
1948,0.032597104,0.000731948,0.0066642,0.000193724,0.002123226,0.000386123,0.00030372,3.57E-05,Dogfish-Lingcod
1949,0.044199971,0.000992483,0.009036304,0.00026268,0.002878992,0.000523564,0.00041183,4.84E-05,Dogfish-Lingcod
1950,0.017831656,0.000400398,0.003645525,0.000105973,0.001161483,0.000211224,0.000166146,1.95E-05,Dogfish-Lingcod
1951,0.012285547,0.001736104,0.012507321,0.000164912,0.00659947,0.001672989,0.00121591,0.000148435,Dogfish-Lingcod
1952,0.009234881,0.000621879,0.009023518,0.000499053,0.005952958,0.000618011,0.000589084,9.67E-05,Dogfish-Lingcod
1953,0.026411771,0.001881223,0.010997965,0.0023252,0.003672388,0.000416743,0.00045503,2.93E-05,Dogfish-Lingcod
1954,0.016471254,0.002037992,0.01355383,0.001118728,0.003635105,0.00027032,0.000646881,5.33E-05,Dogfish-Lingcod
1955,0.016262655,0.00109738,0.015799893,0.000365597,0.000643134,0.000428006,0.000277937,6.54E-05,Dogfish-Lingcod
1956,0.015468376,0.003370524,0.014901468,0.000548396,0.001565891,0.000142669,4.43E-05,1.78E-05,Dogfish-Lingcod
1957,0.026756761,0.009935209,0.022956315,0,0.003523255,0.000165195,0.000162335,9.12E-05,Dogfish-Lingcod
1958,0.03887954,0.003213756,0.022646513,0,0.000866833,6.76E-05,2.21E-05,6.02E-06,Dogfish-Lingcod
1959,0.040010785,0.005173363,0.024381403,0.000233982,0.001146456,1.88E-05,1.48E-05,8.60E-06,Dogfish-Lingcod
1960,0.032477172,0.005369324,0.02726256,0.001849923,0.00191076,0.000938609,0.000405838,2.58E-05,Dogfish-Lingcod
1961,0.024205442,0.005408516,0.035410348,0.001301527,0.003075858,0.000266565,0.000169714,2.93E-05,Dogfish-Lingcod
1962,0.039176391,0.014344325,0.041157172,0.001857235,0.003029254,0.002248908,2.71E-05,2.41E-05,Dogfish-Lingcod
1963,0.02991783,0.009464903,0.026379625,0.002317888,0.012862679,0.00106626,0.00032467,0.000119891,Dogfish-Lingcod
1964,0.01800365,0.004075983,0.018975362,0.000497213,0.003979974,0.000401725,3.44E-05,9.75E-06,Dogfish-Lingcod
1965,0.016238586,0.003370524,0.015768913,0.000255918,0.001826873,0.001002435,0.000125441,7.69E-05,Dogfish-Lingcod
1966,0.013045425,0.002429913,0.018882421,0.001096792,0.002730989,0.000416743,0.000351726,3.84E-05,Dogfish-Lingcod
1967,0.020169864,0.005251747,0.025388259,0.000716571,0.002255629,0.001513038,0.000907601,4.45E-05,Dogfish-Lingcod
1968,0.021766445,0.004134771,0.020725742,0.000175487,0.002796234,0.000180213,0.000167254,6.02E-06,Dogfish-Lingcod
1969,0.025268973,0.008916213,0.021097504,0.002376383,0.007931985,0.002275189,7.38E-05,2.58E-06,Dogfish-Lingcod
1970,0.031016983,0.017577677,0.025047477,0.000738507,0.015565705,0.006581529,0.001249488,2.29E-06,Dogfish-Lingcod
1971,0.026443863,0.010954205,0.007078972,0.002369071,0.009861387,0.005350074,0.001345414,1.41E-05,Dogfish-Lingcod
1972,0.029267965,0.020262339,0.03912797,0.002727357,0.011623015,0.003660577,0.001842258,2.64E-05,Dogfish-Lingcod
1973,0.035943115,0.014305133,0.016574397,0.003436616,0.004007936,0.003191272,0.00169714,3.73E-05,Dogfish-Lingcod
1974,0.017730867,0.032921402,0.019827317,0.002559182,0.002889442,0.00874784,0.002533412,5.74E-06,Dogfish-Lingcod
1975,0.01420074,0.025474894,0.016729298,0.002412943,0.009413989,0.01175139,0.002508815,5.74E-05,Dogfish-Lingcod
1976,0.017249486,0.023711248,0.018278307,0.002047346,0.012676263,0.003378994,0.001844717,5.74E-05,Dogfish-Lingcod
1977,0.048459022,0.029981991,0.021066524,0.011333521,0.012955886,0.005781834,0.001795525,4.59E-05,Dogfish-Lingcod
1978,0.054300761,0.025056871,0.019465192,0.005641974,0.011712701,0.007780411,0.004229539,0.000177051,Dogfish-Lingcod
1979,0.086845837,0.045793592,0.040979346,0.012573539,0.009863326,0.008939196,0.003416166,0.00032881,Dogfish-Lingcod
1980,0.062790779,0.039313378,0.039613368,0.009188357,0.007397498,0.006787167,0.004880236,0.000404689,Dogfish-Lingcod
1981,0.074570682,0.035598037,0.027456162,0.007350685,0.005301538,0.005065544,0.003546305,0.000269371,Dogfish-Lingcod
1982,5.41280763,0.093763444,0.131225816,0.128178723,0.073741416,0.005147634,0.078059221,0.003183062,Dogfish-Lingcod
1983,4.321326392,0.430454428,0.224058235,0.206695339,0.250949987,0.142017155,0.52539136,0.000244653,Dogfish-Lingcod
1984,3.888790147,0.322585487,0.066031243,1.835804792,0.314054882,0.156065622,0.41705966,0.013479851,Dogfish-Lingcod
1985,4.833355905,0.820929676,0.203389827,2.352602724,3.20131214,0.238665242,0.484895182,0.004831183,Dogfish-Lingcod
1986,3.205017362,3.943092854,0.886525188,2.906922188,4.466873109,0.472776839,0.665124833,0.036486393,Dogfish-Lingcod
1987,5.428961353,5.980671259,1.559843735,7.171345058,2.594022919,0.409798486,3.004246015,0.022888383,Dogfish-Lingcod
1988,5.860356592,4.752125285,1.096816656,5.467448749,3.284852376,1.331599755,2.37259125,0.119550943,Dogfish-Lingcod
1989,3.745301115,3.264096915,0.622971937,3.211159097,2.331401775,0.907807441,1.230428307,0.069001175,Dogfish-Lingcod
1990,2.427296889,5.590602947,0.405162985,4.869363504,11.0080769,1.868983659,1.46643021,0.065921821,Dogfish-Lingcod
1991,1.444151824,4.318708751,1.920115305,9.219934939,3.446371173,1.188147835,1.664585698,0.022648555,Dogfish-Lingcod
1992,1.295128266,3.248066169,1.275230632,5.78601673,2.323667169,0.475658389,1.972780277,0.035704624,Dogfish-Lingcod
1993,1.806062044,1.479421552,0.887266385,3.470295539,0.187664468,0.273602486,2.166622374,0.028777234,Dogfish-Lingcod
1994,1.130957209,1.688864196,1.053717331,3.409414831,0.573775365,0.01251875,0.63235086,0.066063928,Dogfish-Lingcod
1995,3.172493209,2.964280471,2.599134921,4.375110313,0.49334997,1.302321703,0.641625624,0.025936444,Dogfish-Lingcod
1996,0.688296477,0.801436783,0.966991692,0.106071542,0.072965369,0.161171223,0.196080206,0.095364189,Dogfish-Lingcod
1997,1.363196717,1.047504647,1.344567872,0.113760161,0.612434795,0.218473374,0.100509885,0.076826812,Dogfish-Lingcod
1998,1.999337671,1.426795927,1.731323474,0.488400371,0.204944757,0.460476793,0.129840187,0.088697883,Dogfish-Lingcod
1999,2.830999645,1.946572836,1.191993679,0.788760466,0.656498801,0.234367838,0.196606456,0.114438354,Dogfish-Lingcod
2000,1.452608903,1.784124551,1.521184745,0.09770377,0.090683425,0.433956892,0.265526515,0.167925579,Dogfish-Lingcod
2001,0.937597276,2.339045622,1.251242251,0.047129241,0.033537664,0.125396988,0.047838337,0.076308993,Dogfish-Lingcod
2002,1.516752419,0.993260151,1.566586158,0.035109072,0.027658899,0.122550198,0.049439118,0.021012693,Dogfish-Lingcod
2003,1.695169504,0.958883089,1.744657538,0.103742665,0.027544813,0.185879413,0.055070798,0.074327035,Dogfish-Lingcod
2004,1.3594504,1.55768893,1.298638807,0.032466947,0.028746721,0.052150663,0.085380736,0.029270561,Dogfish-Lingcod
2005,1.310061159,1.486559632,1.181713053,0.038479468,0.022631539,0.079648553,0.021767931,0.034837094,Dogfish-Lingcod
2006,0.141100001,1.778403997,0.784594001,0.01684,0,0.021208,0.029754,0.01353,Dogfish-Lingcod
2007,0.404258002,4.128669998,1.440374004,0.248628,0.608204,0.02042,0.0351,0.054889999,Dogfish-Lingcod
2008,0.36762958,5.172137359,0.165626271,0.605874959,0.406392521,0.059904321,0.056561261,0.010199739,Dogfish-Lingcod
2009,0.535479231,6.859061002,1.123808131,0.460979885,0.125076089,0.264799317,0.055800088,0.025250238,Dogfish-Lingcod
2010,0.533897613,3.639511502,0.250472067,0.675001942,0.699375038,0.162086658,0.102013043,0.005280119,Dogfish-Lingcod
2011,0.06243393,2.207877808,0.474859287,0.049543543,0.270378953,0.020577624,0.022345261,0.010259588,Dogfish-Lingcod
2012,0.119210001,0.553170004,0.334898,0.120192001,0.00795,0.127306001,0.052308001,0.05621,Dogfish-Lingcod
2013,0.18806,0.880129998,0.124520001,0.192339995,0.02349,0.03257,0.05942,0.02011,Dogfish-Lingcod
2014,0.085118001,0.02666208,0.025583919,0.013998521,0.017729513,0.074655252,0.027074913,0.012383804,Dogfish-Lingcod
2015,0.049923615,0.093287508,0.180916067,0.009743942,0.026019045,0.096892658,0.078305044,0.022260118,Dogfish-Lingcod
2016,0.01378,0.00659,0.03328,0.02483,0.04287,0.072700001,0.052558001,0.00768,Dogfish-Lingcod
2017,0.000460845,0.011302526,0.072434205,0.026943827,0.027517134,0.185427974,0.08565513,0.004980356,Dogfish-Lingcod
2018,0.00154837,0.016576366,0.070658074,0.048203306,0.138385938,0.70652555,0.194273611,0.003432789,Dogfish-Lingcod
2019,0.000171071,0.013847907,0.068011484,0.065162345,0.048162891,0.128445462,0.139752435,0.032392405,Dogfish-Lingcod
2020,0.000232168,0.007412303,0.045966444,0.019631754,0.008934352,0.084420268,0.087208304,0.011340407,Dogfish-Lingcod
2021,0,0,0,0,0,0,0,0,Dogfish-Lingcod
1918,18.08242112,1.310514125,0.32488816,0.061367932,4.352533613,2.662349298,5.044546969,0.00606566,H&L Rockfish
1919,47.38201882,2.561683948,0.635064338,0.093064504,0.512564326,0.31352435,0.594057404,0.000714306,H&L Rockfish
1920,22.78388712,1.440660232,0.357152543,0.053995022,0.743798244,0.454965064,0.862055417,0.001036552,H&L Rockfish
1921,19.5564357,0.838860074,0.207960907,0.029937522,0.029782424,0.018217255,0.034517559,4.15E-05,H&L Rockfish
1922,24.73208203,1.856032823,0.460127119,0.065995051,0.009569344,0.005853358,0.011090783,1.33E-05,H&L Rockfish
1923,23.94929602,0.834627983,0.206911734,0.029951557,0.07053569,0.043145134,0.081750225,9.83E-05,H&L Rockfish
1924,27.3867245,0.807452391,0.200174662,0.029424696,0.185752992,0.113621029,0.215286032,0.000258864,H&L Rockfish
1925,23.34690593,0.51723226,0.128226498,0.019446289,0.284166844,0.173818623,0.329346794,0.000396013,H&L Rockfish
1926,26.92486826,0.959683354,0.237914078,0.036490628,0.643570022,0.39365766,0.745891817,0.000896875,H&L Rockfish
1927,26.91646525,1.373316196,0.340457355,0.052520749,1.007493777,0.616261835,1.167676147,0.001404036,H&L Rockfish
1928,27.73983021,1.265852874,0.313816237,0.04767837,0.719857055,0.440320764,0.834307796,0.001003188,H&L Rockfish
1929,36.65527629,1.06607982,0.264290712,0.041831596,1.089428835,0.666379712,1.262638136,0.00151822,H&L Rockfish
1930,32.91688791,0.759876448,0.188380161,0.029080212,0.563114493,0.344444778,0.652644588,0.000784752,H&L Rockfish
1931,21.07714522,0.777321032,0.192704829,0.027967345,0.084149771,0.051472568,0.097528821,0.000117271,H&L Rockfish
1932,24.10814732,0.394215626,0.097729576,0.0142194,0.051948267,0.031775615,0.06020757,7.24E-05,H&L Rockfish
1933,11.3416832,0.260481125,0.064575598,0.009293637,0.00864714,0.005289266,0.010021957,1.21E-05,H&L Rockfish
1934,13.50642647,0.259353165,0.064295967,0.009449229,0.059136275,0.036172362,0.068538407,8.24E-05,H&L Rockfish
1935,17.59806367,0.314375722,0.07793655,0.0133732,0.630510511,0.385669444,0.730755962,0.000878675,H&L Rockfish
1936,19.18780779,0.683170679,0.169364115,0.02776433,0.980674417,0.59985702,1.136592752,0.001366661,H&L Rockfish
1937,14.76437905,0.165779242,0.041098155,0.006500654,0.168150965,0.102854255,0.194885442,0.000234334,H&L Rockfish
1938,53.36981972,2.708612167,0.671489156,0.096571665,0.073664555,0.045058992,0.085376551,0.000102658,H&L Rockfish
1939,9.934828359,0.018933585,0.068118802,0.007091265,0.054008374,0.037146071,0.041729217,0.000142356,H&L Rockfish
1940,10.8731248,0.011660205,0.041950807,0.004543622,0.070469768,0.048467947,0.054448006,0.000185745,H&L Rockfish
1941,6.47473593,0.046553772,0.167490055,0.019155201,0.503053684,0.345992048,0.388681141,0.001325957,H&L Rockfish
1942,15.7611384,0.12425635,0.447046546,0.046934188,0.436471517,0.300197929,0.337236865,0.001150459,H&L Rockfish
1943,100.9230083,0.345322648,1.24239362,0.130481381,1.222566603,0.840861196,0.944608097,0.003222461,H&L Rockfish
1944,153.7985572,0.462617062,1.664392675,0.175062269,1.692234563,1.163891092,1.307493977,0.00446042,H&L Rockfish
1945,165.8877161,0.357249872,1.285305102,0.142042327,2.771875166,1.906450137,2.141671233,0.007306154,H&L Rockfish
1946,108.5701787,0.310720317,1.117902175,0.131173932,4.09807593,2.818589204,3.166351587,0.010801776,H&L Rockfish
1947,32.395815,0.092537788,0.332930255,0.036257341,0.601920214,0.41399082,0.46506972,0.001586551,H&L Rockfish
1948,50.61801,0.144589197,0.520199579,0.056651668,0.940493857,0.646856202,0.726666433,0.002478969,H&L Rockfish
1949,68.63537872,0.196055311,0.705363141,0.076816691,1.275264672,0.877106061,0.985324915,0.003361364,H&L Rockfish
1950,27.68966636,0.079094786,0.284565341,0.03099025,0.514484951,0.353854285,0.397513435,0.001356088,H&L Rockfish
1951,19.07746003,0.342950459,0.976306626,0.048226072,2.923269762,2.802689304,2.909129394,0.010306935,H&L Rockfish
1952,14.34027098,0.12284614,0.704365113,0.145940421,2.636893715,1.035327924,1.409415293,0.006714378,H&L Rockfish
1953,41.0131923,0.371617311,0.858488084,0.679969186,1.626703427,0.698151698,1.088684009,0.002031445,H&L Rockfish
1954,25.5771822,0.40258542,1.057995878,0.327154986,1.610188671,0.452855155,1.547696726,0.0037044,H&L Rockfish
1955,25.2532627,0.216776765,1.233320909,0.106913394,0.284879534,0.717020662,0.664979962,0.004540878,H&L Rockfish
1956,24.0198769,0.665814349,1.163190897,0.160370091,0.693619735,0.239006887,0.105926012,0.0012348,H&L Rockfish
1957,41.54890533,1.962603923,1.791942733,0,1.560644404,0.276744817,0.388395376,0.00633333,H&L Rockfish
1958,60.37361176,0.634846239,1.76775997,0,0.383968068,0.113213789,0.052963006,0.000418239,H&L Rockfish
1959,62.13025213,1.021947605,1.903183442,0.068424572,0.507828735,0.031448275,0.035308671,0.000597484,H&L Rockfish
1960,50.43177474,1.060657741,2.128083137,0.540981774,0.846381224,1.572413733,0.97098844,0.001792452,H&L Rockfish
1961,37.58712065,1.068399769,2.764089802,0.380611683,1.362467337,0.4465655,0.406049711,0.002031445,H&L Rockfish
1962,60.83457412,2.833581995,3.212680054,0.543120042,1.341823892,3.767503305,0.064732563,0.001672955,H&L Rockfish
1963,46.45753162,1.869699595,2.059162263,0.677830918,5.697590682,1.786262001,0.776790752,0.008324943,H&L Rockfish
1964,27.95674469,0.80517084,1.481194229,0.145402216,1.76295016,0.672993078,0.082386898,0.000677148,H&L Rockfish
1965,25.21588737,0.665814349,1.230902633,0.074839376,0.809223024,1.679337867,0.3001237,0.005337523,H&L Rockfish
1966,20.2574273,0.480005693,1.4739394,0.320740182,1.209705848,0.698151698,0.841523315,0.002668762,H&L Rockfish
1967,31.32052413,1.037431659,1.981777422,0.209550252,0.999142714,2.534730938,2.171483239,0.003087,H&L Rockfish
1968,33.79975417,0.816783881,1.61782684,0.051318429,1.23860667,0.301903437,0.400164933,0.000418239,H&L Rockfish
1969,39.23861177,1.761311213,1.646846155,0.694937061,3.513514254,3.811530889,0.176543353,0.000179245,H&L Rockfish
1970,48.16433823,3.472299248,1.955176382,0.215965056,6.894910463,11.0257651,2.989467441,0.000159329,H&L Rockfish
1971,41.06302607,2.163896633,0.552576133,0.692798793,4.368152856,8.96275828,3.218973799,0.00097589,H&L Rockfish
1972,45.44839779,4.002628119,3.054282957,0.79757392,5.148475058,6.13241356,4.407699041,0.001832284,H&L Rockfish
1973,55.81382185,2.825839968,1.293777816,1.004985904,1.775336227,5.346206693,4.060497114,0.002589097,H&L Rockfish
1974,27.53315765,6.50330294,1.547696827,0.748393758,1.279893559,14.65489599,6.061321779,0.000398323,H&L Rockfish
1975,22.05144301,5.032317751,1.305869198,0.705628401,4.169975789,19.68661994,6.002473995,0.003983226,H&L Rockfish
1976,26.78565111,4.683926522,1.426783012,0.598715007,5.615016904,5.66068944,4.41358382,0.003983226,H&L Rockfish
1977,75.24899195,5.922650891,1.644427879,3.314315216,5.738877571,9.686068597,4.295888251,0.003186581,H&L Rockfish
1978,84.32026541,4.949741288,1.519429837,1.649909307,5.188202129,13.03420287,10.11939672,0.012293989,H&L Rockfish
1979,134.8574834,9.046078905,3.198799148,3.676939789,4.369011623,14.97546713,8.173358164,0.022831693,H&L Rockfish
1980,97.50388382,7.765975722,3.09217251,2.686994889,3.276760369,11.37026208,11.67622427,0.028100546,H&L Rockfish
1981,115.7961613,7.032046243,2.143195429,2.149595569,2.348343748,8.486098038,8.484722968,0.018704426,H&L Rockfish
1982,154.5188216,5.872529021,1.901780842,1.931999009,1.71703914,8.623620086,1.961749736,0.020613594,H&L Rockfish
1983,164.1464567,5.248010632,2.922099975,1.965974223,2.109760028,8.581856777,3.371154169,0.016988062,H&L Rockfish
1984,192.3581011,4.417213681,4.950259936,5.353568489,2.619157664,8.005598592,6.072620554,0.096912454,H&L Rockfish
1985,206.607128,1.504189095,0.809094985,7.666775264,1.275078131,0.323874321,6.598340499,0.02514177,H&L Rockfish
1986,224.5102979,2.224907149,4.728288334,6.609733028,4.008775176,3.011031979,5.064994714,0.046386878,H&L Rockfish
1987,160.7205379,3.906906104,10.51413468,12.50659706,2.797531258,5.849330668,3.474104602,0.052337827,H&L Rockfish
1988,153.5541309,5.962704719,6.419679449,3.674684446,45.01027246,7.714912003,1.97251491,0.415065704,H&L Rockfish
1989,276.4000835,3.745859149,3.974455233,5.272910567,6.3870411,10.57139537,0.436454515,0.045095377,H&L Rockfish
1990,261.2665592,37.57872467,27.37221151,25.88873619,42.20087668,23.42903894,28.05081841,3.490315965,H&L Rockfish
1991,271.1429653,20.40368768,22.71957439,36.07624553,46.48078235,33.96362613,16.62192921,3.18973714,H&L Rockfish
1992,112.999609,11.95098652,21.04759322,50.21747022,37.63909424,34.72818037,11.59389274,1.313936829,H&L Rockfish
1993,156.2489299,8.39479718,26.21575828,64.91336466,25.88410029,39.57320649,24.88305489,9.313557352,H&L Rockfish
1994,131.2142189,13.91892147,16.49417774,84.21745233,24.59389799,55.90522943,37.31338224,7.00866191,H&L Rockfish
1995,134.4080469,11.32348614,21.73395801,68.70111851,50.66225448,69.64357549,48.23996381,11.50709573,H&L Rockfish
1996,121.4035653,11.99079132,18.71813639,50.17084417,39.07658337,50.88712496,41.06604076,8.978164445,H&L Rockfish
1997,129.085203,7.559757737,18.87408103,50.65453945,31.62249468,59.25089085,50.47109733,6.862387059,H&L Rockfish
1998,147.386579,13.05403142,14.09954256,62.22183991,34.79408508,41.81593569,17.82113667,5.021688236,H&L Rockfish
1999,120.4278334,9.226537154,8.868096879,29.28396571,35.58261686,41.36442609,14.86341606,2.184359658,H&L Rockfish
2000,93.79309989,16.760236,11.87262185,17.9226584,36.37020234,19.55022516,19.12299231,3.071905097,H&L Rockfish
2001,90.57520072,20.21741212,8.264920497,13.78133304,28.49089921,23.78688555,20.93966255,1.119926052,H&L Rockfish
2002,4.763665361,7.292384038,6.023326261,15.38970426,24.46677228,28.66522931,13.1391266,1.097345304,H&L Rockfish
2003,32.38388597,5.790389873,2.800629164,18.63184456,17.65059765,8.54535977,8.881416137,0.093411887,H&L Rockfish
2004,22.8437833,3.520380443,2.028398622,16.86026692,18.93412315,6.917825358,8.738573918,0.029314744,H&L Rockfish
2005,22.11735961,3.101849256,1.782807587,17.41005847,14.77534783,14.71261544,6.12552898,0.080895022,H&L Rockfish
2006,19.25147018,1.381662459,0.750081895,5.437470243,7.898313086,16.92336814,4.46379326,0.668006759,H&L Rockfish
2007,19.33597698,3.726599585,0.782350893,16.28149987,14.18873677,13.01552857,3.438542209,0.052419047,H&L Rockfish
2008,27.67029599,3.84255199,1.545404001,16.20577199,17.50208599,19.84896601,3.63753198,0.407848003,H&L Rockfish
2009,18.81919395,2.264315993,0.524337998,15.23993001,18.30640795,21.78978998,4.258964011,0.296523998,H&L Rockfish
2010,23.86706799,3.037027994,0.487286007,19.12299001,20.38252003,23.12467804,2.957981993,0.285020002,H&L Rockfish
2011,16.67912604,6.881581997,1.809251994,20.39924397,14.07751198,19.36492799,3.214662007,0.597211995,H&L Rockfish
2012,19.92590201,1.020854002,0.552378001,32.14009597,14.51453601,24.91042595,4.974326012,0.601945994,H&L Rockfish
2013,21.39354403,0.683861998,1.172547989,26.40770593,13.242958,17.11525599,1.097860013,0.709295997,H&L Rockfish
2014,18.67206996,1.515134002,0.684826002,25.79098801,17.75776798,22.23168,3.531904011,0.08846,H&L Rockfish
2015,17.45511771,3.398190471,2.087011375,26.84723416,12.7241487,23.91193756,2.495256528,0.296215532,H&L Rockfish
2016,23.20393802,3.425389988,0.326083998,19.74048799,12.600094,19.48588197,2.466539998,0.183796,H&L Rockfish
2017,27.53118872,2.814449404,0.356090448,15.16685656,15.62273764,15.92702424,2.098117646,0.179685303,H&L Rockfish
2018,17.26724234,4.479342582,0.468615567,12.16150685,13.05882329,18.7463969,3.70413282,0.115255638,H&L Rockfish
2019,22.24286402,2.968486064,1.877570511,11.81875373,15.35161024,15.06553998,5.046143982,0.00095352,H&L Rockfish
2020,9.912560036,0,0.237580003,8.081363989,9.994357995,8.951662001,3.209811987,0,H&L Rockfish
2021,0,0,0,0,0,0,0,0,H&L Rockfish
1918,18.10133341,1.341200425,0.338471784,0.062815337,4.388744615,2.710772771,5.236826827,0.047398045,Combined Fisheries
1919,47.43157535,2.621666974,0.661616476,0.095259494,0.516828617,0.31922681,0.61670072,0.005581702,Combined Fisheries
1920,22.80771663,1.474393964,0.372085146,0.055268532,0.749986291,0.463240082,0.894913847,0.008099784,Combined Fisheries
1921,19.57688965,0.858502374,0.216655785,0.030643619,0.030030199,0.018548595,0.035833243,0.000324323,Combined Fisheries
1922,24.75794915,1.899492699,0.479365105,0.067551589,0.009648957,0.00595982,0.011513524,0.000104208,Combined Fisheries
1923,23.97434442,0.854171187,0.215562745,0.030657985,0.071122513,0.043929868,0.084866247,0.000768117,Combined Fisheries
1924,27.4153681,0.826359266,0.208543995,0.030118698,0.187298368,0.115687597,0.223491956,0.002022805,Combined Fisheries
1925,23.3713243,0.529343495,0.133587668,0.019904943,0.286530977,0.176980079,0.341900301,0.003094509,Combined Fisheries
1926,26.9530288,0.982154788,0.247861302,0.037351284,0.648924218,0.400817604,0.774322511,0.007008323,Combined Fisheries
1927,26.944617,1.405473036,0.354691929,0.053759487,1.015875644,0.627470558,1.212183732,0.010971365,Combined Fisheries
1928,27.76884311,1.29549341,0.326936942,0.048802897,0.725845922,0.448329428,0.866108587,0.00783907,Combined Fisheries
1929,36.6936138,1.091042577,0.275340748,0.042818223,1.098492363,0.678499992,1.310765328,0.011863618,Combined Fisheries
1930,32.95131547,0.77766936,0.196256365,0.029766145,0.567799382,0.350709626,0.677521078,0.006132182,Combined Fisheries
1931,21.09918966,0.795522367,0.200761847,0.028626974,0.084849857,0.052408764,0.101246266,0.000916371,Combined Fisheries
1932,24.13336187,0.403448891,0.101815702,0.014557586,0.052382784,0.032353598,0.062504584,0.000565704,Combined Fisheries
1933,11.35354539,0.266580412,0.067275514,0.009512834,0.00871908,0.005385468,0.010403958,9.42E-05,Combined Fisheries
1934,13.52055275,0.265449444,0.066984541,0.009698196,0.059649909,0.036830644,0.071170511,0.00064398,Combined Fisheries
1935,17.61646937,0.321934984,0.081198045,0.013909455,0.635939219,0.392687223,0.758776142,0.006866108,Combined Fisheries
1936,19.20787619,0.699425158,0.176449102,0.028706606,0.989071555,0.61077144,1.180132142,0.010679309,Combined Fisheries
1937,14.77982101,0.169889959,0.042819893,0.00690929,0.169761654,0.10472861,0.202506157,0.001831124,Combined Fisheries
1938,53.42563886,2.772380204,0.699569366,0.099233727,0.074596187,0.045883979,0.088920419,0.000802189,Combined Fisheries
1939,9.970340971,0.019912385,0.070972216,0.007666895,0.054808731,0.037844859,0.044029268,0.001112394,Combined Fisheries
1940,10.91199141,0.012875487,0.043717219,0.005585504,0.071849718,0.049385452,0.057754049,0.001451444,Combined Fisheries
1941,6.497880244,0.048367352,0.174497157,0.019950667,0.507662086,0.352452212,0.40751857,0.010361243,Combined Fisheries
1942,15.81747749,0.135041623,0.465837893,0.055586056,0.446465195,0.30590542,0.359027961,0.008989871,Combined Fisheries
1943,101.2837633,0.379722178,1.294682996,0.159463382,1.254516695,0.856915583,1.009241071,0.025180831,Combined Fisheries
1944,154.3483189,0.486872613,1.734117139,0.189549545,1.715313982,1.185751975,1.377745777,0.034854438,Combined Fisheries
1945,166.5242782,0.485430922,1.341027984,0.267422605,2.896499856,1.944064719,2.337989082,0.057091466,Combined Fisheries
1946,108.9854224,0.375214516,1.165524221,0.196354262,4.182907298,2.872014512,3.364883519,0.084406818,Combined Fisheries
1947,32.52980834,0.122518601,0.347249932,0.066978552,0.631848662,0.422142183,0.510783486,0.012397567,Combined Fisheries
1948,50.80828848,0.194298499,0.542613957,0.107799581,0.989850538,0.659628731,0.801598125,0.019371065,Combined Fisheries
1949,68.89065915,0.257344719,0.735672678,0.139765819,1.336992605,0.894381322,1.093194244,0.026266237,Combined Fisheries
1950,27.80555508,0.17837311,0.298090754,0.159087596,0.60548889,0.363185436,0.557837749,0.010596689,Combined Fisheries
1951,19.1520781,0.442113061,1.018345503,0.13948723,3.040672468,2.856353342,3.114171329,0.080537538,Combined Fisheries
1952,14.39680616,0.205206851,0.734975933,0.235736927,2.734047753,1.056393147,1.562336693,0.052465598,Combined Fisheries
1953,41.12006143,0.417925267,0.894905405,0.736345619,1.670541725,0.712111189,1.171124339,0.015873546,Combined Fisheries
1954,25.94164962,0.514291751,1.104006315,0.614246565,1.860078454,0.468339226,1.840368774,0.028945879,Combined Fisheries
1955,25.64731683,0.318151289,1.286873796,0.518218452,0.513694192,0.736256223,1.112619159,0.035482045,Combined Fisheries
1956,24.24266811,0.74652522,1.2139622,0.606237022,0.801830778,0.253383541,0.21330294,0.009648626,Combined Fisheries
1957,41.7037471,2.090597114,1.869160877,0.229054741,1.756107357,0.297023322,0.831597931,0.049488115,Combined Fisheries
1958,60.57246168,0.740795037,1.843325012,0.27848742,0.611300114,0.127023701,0.260142382,0.003268083,Combined Fisheries
1959,62.63411391,1.267366345,1.984614675,0.434684185,0.803743604,0.043894414,0.486695255,0.00466869,Combined Fisheries
1960,50.97490992,1.30510456,2.219032379,0.832435714,1.0874545,1.605681733,1.613076024,0.01400607,Combined Fisheries
1961,37.91252958,1.331078681,2.883318251,0.719739982,1.638500535,0.460103148,1.118387902,0.015873546,Combined Fisheries
1962,61.14591488,3.173855701,3.352876562,1.001831232,1.776147688,3.845136926,1.098094499,0.013072332,Combined Fisheries
1963,46.63962349,2.039194791,2.14969939,1.07330064,6.057406468,1.829735461,1.241270057,0.065050415,Combined Fisheries
1964,28.3024957,0.939332499,1.545103384,0.603428343,2.021637127,0.704718034,0.645992055,0.005291182,Combined Fisheries
1965,25.4176867,0.815863299,1.285167064,0.52863675,1.032856048,1.745707614,0.76471995,0.041706965,Combined Fisheries
1966,20.66149967,0.623610227,1.539843212,1.304128782,1.479222466,0.714971825,1.219651202,0.020853482,Combined Fisheries
1967,31.48448431,1.123610208,2.068015719,0.834551991,1.313096476,2.583748752,2.514778987,0.024121566,Combined Fisheries
1968,34.1092322,0.938396699,1.689782407,1.022812728,1.594665667,0.316286987,0.670673828,0.003268083,Combined Fisheries
1969,39.55268466,1.932236902,1.722322435,2.495806519,4.149787068,3.894430495,0.902200457,0.001400607,Combined Fisheries
1970,48.49019612,3.688423262,2.044507164,1.322684255,7.424476897,11.23540185,4.148746155,0.001245278,Combined Fisheries
1971,41.19054138,2.34808268,0.580489318,1.741617748,4.877922257,9.135625678,4.303751415,0.007625527,Combined Fisheries
1972,45.61241337,4.175695598,3.186314621,2.026085193,5.849968112,6.267336352,6.542830999,0.014317316,Combined Fisheries
1973,55.92637458,2.957859367,1.35225575,2.732714902,2.456089609,5.458240541,5.380996358,0.02023099,Combined Fisheries
1974,27.61622623,6.686621592,1.617536502,1.613908888,1.726351074,14.94128417,7.771708774,0.00311246,Combined Fisheries
1975,22.15160348,5.215128948,1.364319816,1.138402956,4.583826408,20.07214094,7.286893707,0.031399335,Combined Fisheries
1976,26.90691931,4.833160107,1.487379806,0.884233055,6.265842264,5.867887709,7.068430989,0.031276669,Combined Fisheries
1977,75.39382271,6.165857734,1.713877804,3.932682238,6.348000025,10.05529143,7.740239182,0.030810249,Combined Fisheries
1978,84.54921208,5.100508273,1.584449075,2.469801546,6.105279089,13.5729166,13.98648547,0.10371331,Combined Fisheries
1979,135.3186057,9.351297577,3.335706642,4.43850029,5.228377505,15.87279089,13.78253728,0.181805129,Combined Fisheries
1980,97.76721773,8.013721432,3.22413982,3.041042272,4.245122086,13.26700793,16.32549001,0.223002652,Combined Fisheries
1981,116.0465794,7.293266592,2.234869505,2.464271291,3.178304706,10.89722345,11.55160192,0.149368597,Combined Fisheries
1982,160.1791887,6.141968826,2.090363909,3.099313021,2.659655888,9.254108941,2.997672378,0.17092375,Combined Fisheries
1983,168.5916113,5.890519888,3.243428213,3.339102044,3.146941239,9.430438719,4.656194382,0.169599834,Combined Fisheries
1984,196.5147671,5.066079542,5.169203019,8.107021741,4.046801269,8.885304447,7.578239438,0.578445164,Combined Fisheries
1985,212.0520826,2.638953213,1.129692298,11.99084329,6.60434082,2.192100767,8.845556129,0.389590721,Combined Fisheries
1986,228.7615076,6.89327136,5.882728888,12.1002275,10.64181327,5.30104255,7.233539659,0.789334487,Combined Fisheries
1987,166.9353518,10.93730695,12.41845542,24.4151009,10.43530924,8.954591472,8.807963828,1.305615983,Combined Fisheries
1988,160.0399341,11.75321578,7.66379862,12.97931375,51.90992521,11.51793291,6.564134095,1.919195934,Combined Fisheries
1989,280.9740758,8.273086585,4.884154963,14.96176086,12.78047755,13.96056685,3.968226625,1.625157992,Combined Fisheries
1990,264.2944921,44.47831924,28.51717112,38.39983573,56.83841192,28.30432304,33.9578488,5.889124416,Combined Fisheries
1991,273.2677006,26.87879362,33.27317174,58.47660984,68.47596349,53.68378502,78.95456188,5.357508114,Combined Fisheries
1992,114.8575754,20.29013675,23.21600347,145.7040247,55.21166538,78.05470487,76.3167139,3.005693775,Combined Fisheries
1993,158.4695682,11.53724946,28.89641424,149.5247172,42.68987528,65.09710109,118.5053469,14.40960705,Combined Fisheries
1994,132.5990594,19.52893776,18.75100827,203.7850487,39.52698148,79.94607934,90.72297541,9.583683277,Combined Fisheries
1995,137.6319521,23.0767736,27.35815449,151.9416877,70.01846975,91.98467666,82.60577821,13.72305699,Combined Fisheries
1996,122.6531852,13.68682253,20.54081031,55.81834354,41.25466757,58.84340286,49.98340653,11.20729812,Combined Fisheries
1997,131.0576837,9.531924866,20.78667263,55.24404214,34.68315836,63.64083752,58.23661301,8.95780592,Combined Fisheries
1998,149.9367255,15.98684872,16.76409853,69.88069003,37.84574333,50.5801833,28.08312827,7.541792571,Combined Fisheries
1999,123.5092402,12.56860301,11.12110146,33.00673182,38.63120995,47.64692049,23.84941697,4.704454664,Combined Fisheries
2000,95.3876446,21.82206915,14.55280071,20.96380659,41.01109266,25.43780443,28.71346618,7.416402673,Combined Fisheries
2001,91.82864446,24.3968391,10.65235794,16.31122083,31.87302516,30.05454637,29.04918964,5.315569925,Combined Fisheries
2002,6.292437044,11.14952265,9.955453881,21.5825361,28.85814401,38.2075527,23.18815354,6.279070148,Combined Fisheries
2003,34.12531114,9.488839756,5.339771349,22.98538976,20.06127775,14.75949544,14.35570474,2.44167469,Combined Fisheries
2004,24.2485078,7.207523208,4.099156215,20.2473159,20.41699353,12.14822499,13.57931225,2.735313426,Combined Fisheries
2005,23.46644506,6.111430902,3.410013676,20.94248515,16.85182223,19.07701312,11.67108816,2.683722947,Combined Fisheries
2006,19.82441187,5.701464856,2.353615661,12.31429868,10.87919715,27.94484111,8.610005507,2.580294482,Combined Fisheries
2007,20.29206569,9.565821704,3.191028364,22.58304942,19.75556385,22.78417702,9.287302018,2.118945274,Combined Fisheries
2008,28.77306472,16.21992449,4.333452868,25.90534925,21.60889048,31.49849967,8.96096296,4.378941303,Combined Fisheries
2009,19.91809335,14.68312884,4.178123737,23.44744509,22.88992927,32.79895161,9.677205189,5.494612755,Combined Fisheries
2010,24.73826749,16.4019633,2.358824716,26.17054319,24.92503046,35.03881654,7.10748496,2.593555372,Combined Fisheries
2011,17.42420921,11.14075989,3.927399539,29.44367761,19.05877987,29.58710884,7.102664314,2.975628722,Combined Fisheries
2012,20.48473217,4.674850435,2.118895363,44.48944651,22.38424045,40.08837767,9.288102153,2.51338528,Combined Fisheries
2013,21.76091467,2.136952117,1.989027011,37.81713655,22.98020416,33.3549282,3.566158314,3.177862907,Combined Fisheries
2014,19.03451037,2.870384019,1.604392602,34.46305917,21.99100659,37.3172381,9.396347457,3.031857689,Combined Fisheries
2015,17.64501667,5.464308626,5.269257264,33.51493571,17.89469063,38.92990888,9.541037068,2.818659201,Combined Fisheries
2016,23.48665432,4.014011058,2.166009848,23.55916067,18.34204396,28.04331705,7.055457411,2.148459616,Combined Fisheries
2017,28.42888912,4.241852662,2.472041672,19.54656833,18.33295601,27.96882444,8.860373901,2.919809794,Combined Fisheries
2018,17.64422025,6.517132587,1.257252193,17.36015228,20.06224648,29.50610639,9.542270125,1.010205671,Combined Fisheries
2019,22.27612263,4.28299329,4.22561157,18.36623576,22.27792186,26.8917253,14.76512633,1.826485263,Combined Fisheries
2020,10.34985466,0.219602698,3.528499071,12.77056701,14.60324943,17.28389756,7.467768705,1.203206868,Combined Fisheries
2021,0,0,0,0,0,0,0,0,Combined Fisheries
